{
   "suit.saberhum": {
    "sounds": [
      "suit/saberhum"
    ],
    "category": "player"
  },	
   "suit.saberoff": {
    "sounds": [
      "suit/saberoff"
    ],
    "category": "player"
  },	
   "suit.saberon": {
    "sounds": [
      "suit/saberon"
    ],
    "category": "player"
  },
  "suit.venomsound": {
    "sounds": [
      "suit/venomsound"
    ],
    "category": "player"
  },
  "suit.closingvenom": {
    "sounds": [
      "suit/closingvenom"
    ],
    "category": "player"
  },
  "suit.von": {
    "sounds": [
      "suit/von"
    ],
    "category": "player"
   },
  "suit.palpatineoff": {
    "sounds": [
      "suit/palpatineoff"
    ],
    "category": "player"
  },
  "suit.palpatinehum": {
    "sounds": [
      "suit/palpatinehum"
    ],
    "category": "player"
   },
  "suit.palpatineignite": {
    "sounds": [
      "suit/palpatineignite"
    ],
    "category": "player"
  },
  "suit.soundbarrier": {
    "sounds": [
      "suit/soundbarrier"
    ],
    "category": "player"
  },
  "suit.heatvisionidle": {
    "sounds": [
      "suit/heatvisionidle"
    ],
    "category": "player"
  },
  "suit.heatvisionblast": {
    "sounds": [
      "suit/heatvisionblast"
    ],
    "category": "player"
  },
  "suit.heatvisionblastloop": {
    "sounds": [
      "suit/heatvisionblastloop"
    ],
    "category": "player"
  },
  "suit.voff": {
    "sounds": [
      "suit/voff"
    ],
    "category": "player"
  },
  "suit.ghost": {
    "sounds": [
      "suit/ghost"
    ],
    "category": "player"
  }
}  