{
  "suit.fun": {
    "sounds": [
      "suit/fun"
    ],
    "category": "player"
  },	
  "suit.lightsaber_swing": {
    "sounds": [
      "suit/lightsaber_swing"
    ],
    "category": "player"
  },	
  "suit.lightsaber_deflect": {
    "sounds": [
      "suit/lightsaber_deflect"
    ],
    "category": "player"
  },	
  "suit.lightsaber_hum": {
    "sounds": [
      "suit/lightsaber_hum"
    ],
    "category": "player"
  },	
  "suit.lightsaber_off": {
    "sounds": [
      "suit/lightsaber_off"
    ],
    "category": "player"
  },	
  "suit.lightsaber_ignite": {
    "sounds": [
      "suit/lightsaber_ignite"
    ],
    "category": "player"
  },	
  "suit.anakinon": {
    "sounds": [
      "suit/anakinon"
    ],
    "category": "player"
  },	
  "suit.anakinhum": {
    "sounds": [
      "suit/anakinhum"
    ],
    "category": "player"
  },	
  "suit.anakinoff": {
    "sounds": [
      "suit/anakinoff"
    ],
    "category": "player"
  },	
  "suit.theme": {
    "sounds": [
      "suit/theme"
    ],
    "category": "player"
  },	
  "suit.saberon": {
    "sounds": [
      "suit/saberon"
    ],
    "category": "player"
  },	
  "suit.saberhum": {
    "sounds": [
      "suit/saberhum"
    ],
    "category": "player"
  },	
  "suit.saberoff": {
    "sounds": [
      "suit/saberoff"
    ],
    "category": "player"
  },	
  "suit.venomsound": {
    "sounds": [
      "suit/venomsound"
    ],
    "category": "player"
  },
  "suit.closingvenom": {
    "sounds": [
      "suit/closingvenom"
    ],
    "category": "player"
  },
  "suit.von": {
    "sounds": [
      "suit/von"
    ],
    "category": "player"
   },
  "suit.palpatineoff": {
    "sounds": [
      "suit/palpatineoff"
    ],
    "category": "player"
  },
  "suit.lightning": {
    "sounds": [
      "suit/lightning"
    ],
    "category": "player"
   },
  "suit.palpatinehum": {
    "sounds": [
      "suit/palpatinehum"
    ],
    "category": "player"
   },
  "suit.palpatineignite": {
    "sounds": [
      "suit/palpatineignite"
    ],
    "category": "player"
  },
  "suit.soundbarrier": {
    "sounds": [
      "suit/soundbarrier"
    ],
    "category": "player"
  },
  "suit.heatvisionidle": {
    "sounds": [
      "suit/heatvisionidle"
    ],
    "category": "player"
  },
  "suit.heatvisionblast": {
    "sounds": [
      "suit/heatvisionblast"
    ],
    "category": "player"
  },
  "suit.heatvisionblastloop": {
    "sounds": [
      "suit/heatvisionblastloop"
    ],
    "category": "player"
  },
  "suit.voff": {
    "sounds": [
      "suit/voff"
    ],
    "category": "player"
  },
  "suit.ghost": {
    "sounds": [
      "suit/ghost"
    ],
    "category": "player"
  }
}  